1.527999999999924796e+01,-2.880000000000023874e+01,3.805588044978805984e-01
8.359999999999395470e+00,1.327999999999886427e+01,-1.553953275335419881e-01
-1.160000000000017906e+01,-1.120000000000828777e+00,7.212791499772771564e-01
-1.600000000000008527e+01,-1.928000000000044167e+01,-9.389509687302335372e-01
-6.000000000000298428e+00,-8.720000000000666773e+00,7.513049894137714402e-01
-8.680000000000241300e+00,1.695999999999878582e+01,5.307744736007946607e-01
-1.364000000000013557e+01,-2.480000000000032401e+01,-7.931472080899286681e-01
-9.600000000000221689e+00,-2.336000000000035470e+01,5.011230005976495816e-01
9.759999999999365627e+00,-1.816000000000046555e+01,1.663482107006753197e-01
-1.808000000000004093e+01,1.791999999999876536e+01,4.009883363047579974e-01
9.919999999999362217e+00,-3.072000000000019782e+01,-1.894929962473675678e-01
7.599999999999411671e+00,-3.376000000000013301e+01,-9.597619743302361339e-01
2.999999999999509726e+00,1.247999999999888132e+01,4.123377500586428157e-01
1.251999999999930679e+01,-1.000000000000063949e+01,2.751664234328267122e-01
1.879999999999533600e+00,-3.920000000000001705e+01,-8.734362633077072946e-01
1.495999999999925478e+01,-1.416000000000055081e+01,8.938869896308995200e-01
1.235999999999931021e+01,-2.184000000000038710e+01,5.944115389344265532e-01
7.679999999999409965e+00,-3.680000000000006821e+01,-9.944128830948384401e-01
1.919999999999916440e+01,-2.576000000000030354e+01,-8.673197032240903548e-01
1.451999999999926416e+01,1.591999999999880799e+01,8.683077741420980322e-01
3.079999999999508020e+00,-1.600000000000818545e+00,5.678603248211495647e-01
-2.520000000000372609e+00,1.599999999999880629e+01,-6.038274098487993458e-01
-1.344000000000013983e+01,-1.720000000000048601e+01,-9.785235762354568267e-01
9.999999999999360512e+00,1.911999999999873978e+01,-3.611783170614483729e-01
-1.856000000000003070e+01,-2.808000000000025409e+01,-6.136832496081837673e-01
-1.120000000000402451e+00,-2.720000000000794671e+00,5.949444370920944358e-01
-1.876000000000002643e+01,1.727999999999877900e+01,-8.947766579083270555e-01
2.039999999999530189e+00,-9.280000000000654836e+00,-9.886496626794699649e-01
-1.736000000000005627e+01,7.199999999998993871e+00,8.996766412374658239e-01
9.439999999999372449e+00,3.559999999999838849e+01,7.724353337680729403e-01
-6.920000000000278817e+00,-1.256000000000058492e+01,2.322330406692814930e-01
7.519999999999413376e+00,3.527999999999839531e+01,-8.944804947657772898e-01
1.339999999999928804e+01,1.439999999999884039e+01,-9.930247863785079954e-01
-1.912000000000001876e+01,-3.480000000000011084e+01,-9.420459217731180779e-01
-1.692000000000006565e+01,-3.920000000000769091e+00,1.347472048898328834e-01
1.039999999999935199e+01,-1.264000000000058321e+01,-9.532934222119933132e-01
7.439999999999415081e+00,-2.040000000000041780e+01,-8.006518869999399435e-01
-1.676000000000006906e+01,2.239999999999099600e+00,-2.207784467312604582e-01
1.783999999999919339e+01,-8.880000000000663363e+00,8.129800490981528016e-01
3.559999999999497788e+00,-3.016000000000020975e+01,9.943426951033437211e-01
2.319999999999524221e+00,1.919999999999106421e+00,-8.891606384106512939e-01
-1.504000000000010573e+01,-2.072000000000041098e+01,7.998569311990287867e-01
-1.960000000000000853e+01,-2.640000000000028990e+01,-1.547405069836636227e-01
9.079999999999380123e+00,-5.440000000000736691e+00,9.931802187083323963e-01
1.719999999999920703e+01,1.103999999999891202e+01,6.898322872800026762e-01
-1.640000000000391367e+00,2.399999999999096190e+00,-5.016964949415467778e-01
-1.416000000000012449e+01,3.143999999999847716e+01,2.442983240175885806e-01
1.327999999999929059e+01,5.039999999999039915e+00,-9.887490298561427693e-01
-5.080000000000318039e+00,1.463999999999883528e+01,-9.346044220930024293e-01
9.879999999999363069e+00,1.015999999999893078e+01,-1.010303764791801728e-01
-1.884000000000002473e+01,2.447999999999862553e+01,-9.599478983067969429e-01
-1.048000000000020293e+01,-1.328000000000056957e+01,-9.918252412865717904e-01
1.319999999999545537e+00,-4.160000000000763976e+00,1.888421255484899197e-01
-1.160000000000401599e+00,1.943999999999873296e+01,5.207709711078142290e-01
2.399999999995685585e-01,-8.000000000008355983e-01,5.112652149237183474e-01
-1.016000000000020975e+01,1.983999999999872443e+01,-6.648567867380054119e-01
-1.080000000000019611e+01,-2.920000000000023022e+01,-8.322795077295220834e-01
-1.844000000000003325e+01,-1.008000000000063778e+01,-3.823969436254609500e-01
-1.000000000000405009e+00,-5.120000000000743512e+00,7.867491315466550450e-01
-9.120000000000231921e+00,5.119999999999038209e+00,9.996243066081851314e-01
-1.456000000000011596e+01,1.087999999999891543e+01,9.091436247004841542e-01
-1.440000000000011937e+01,-2.216000000000038028e+01,7.057295385722515135e-01
-8.840000000000237890e+00,6.559999999999007514e+00,7.939538877867414746e-01
-8.640000000000242153e+00,6.639999999999005809e+00,4.529499458199973128e-01
8.119999999999400586e+00,2.687999999999857437e+01,-6.386048683732695741e-01
1.639999999999538716e+00,2.879999999999853344e+01,-5.016964949398975415e-01
-1.976000000000000512e+01,2.439999999999862723e+01,2.010268770751946488e-01
1.483999999999925734e+01,3.439999999999841407e+01,9.807508546178307363e-01
1.839999999999534452e+00,-2.192000000000038540e+01,-8.264497917141806482e-01
-1.832000000000003581e+01,1.967999999999872784e+01,-1.237428572215466677e-01
-2.280000000000377725e+00,-1.880000000000045191e+01,-9.264803748896357494e-01
-4.800000000000324007e+00,-2.048000000000041609e+01,-9.657577510797059617e-01
3.039999999999508873e+00,1.111999999999891031e+01,4.920659895720762567e-01
6.239999999999440661e+00,3.311999999999844135e+01,9.831008988595802967e-01
-1.140000000000018332e+01,2.639999999999091074e+00,3.508079204035829401e-01
1.295999999999929742e+01,3.487999999999840384e+01,-6.481153990519734620e-01
1.795999999999919083e+01,-2.432000000000033424e+01,6.295109380279463318e-01
-4.280000000000335092e+00,1.279999999999887450e+01,-1.450791643840748657e-01
1.875999999999917378e+01,3.895999999999831687e+01,-8.947766579074768467e-01
-1.228000000000016456e+01,-1.208000000000059515e+01,7.280129948827992470e-01
-7.360000000000269438e+00,-2.824000000000025068e+01,-6.812706683103745275e-01
-1.400000000000396483e+00,-6.240000000000719638e+00,1.109725730699988831e-02
-7.880000000000258353e+00,2.143999999999869033e+01,-9.422680864487563701e-01
-1.164000000000017820e+01,-1.520000000000820251e+00,7.802653930793350678e-01
-7.720000000000261764e+00,1.183999999999889496e+01,-9.998669164646790675e-01
-1.280000000000399041e+00,1.767999999999877048e+01,2.758036135060192295e-01
9.119999999999379270e+00,-1.296000000000057639e+01,9.996243066081329509e-01
1.027999999999935454e+01,3.207999999999846352e+01,-8.391019635703188539e-01
-1.136000000000018417e+01,-5.760000000000729869e+00,2.657588520773461749e-01
1.947999999999915843e+01,3.247999999999845500e+01,-4.111296553965335110e-01
3.239999999999504610e+00,1.783999999999876707e+01,8.201510302811821918e-01
-1.500000000000010658e+01,-5.680000000000731575e+00,8.502707767372971182e-01
5.039999999999466240e+00,-3.520000000000777618e+00,-9.626398745430967407e-01
1.283999999999929997e+01,2.247999999999866816e+01,-4.230230090681010857e-01
-6.400000000000289901e+00,7.439999999998988756e+00,9.849575574681896928e-01
1.719999999999537010e+00,-1.232000000000059003e+01,-6.476104773558792882e-01
1.195999999999931873e+01,1.879999999999874660e+01,9.992066731640003585e-01
-1.716000000000006054e+01,3.439999999999074021e+00,6.224073264438956254e-01
-1.652000000000007418e+01,3.599999999999070610e+00,-6.883913006343247432e-01
-6.880000000000279670e+00,-3.304000000000014836e+01,3.181861482816716880e-01
6.639999999999432134e+00,-1.608000000000050989e+01,7.581503620162985957e-01
7.199999999999420197e+00,-2.128000000000039904e+01,-3.817843982302100980e-01
-1.360000000000397335e+00,-1.776000000000047407e+01,1.003709074723092287e-01
2.199999999999526779e+00,-1.304000000000057469e+01,-9.786599954114100219e-01
-3.960000000000341913e+00,1.823999999999875854e+01,5.395889173289785123e-01
3.919999999999490115e+00,3.087999999999848910e+01,6.126360195034937783e-01
-1.528000000000010061e+01,1.383999999999885233e+01,3.805588044961196181e-01
1.567999999999923944e+01,-2.176000000000038881e+01,-4.829554019763835915e-01
5.799999999999450040e+00,3.591999999999838167e+01,3.920175450404310147e-01
4.519999999999477325e+00,-3.552000000000009550e+01,-6.305404243002122877e-01
7.959999999999403997e+00,-1.488000000000053547e+01,-8.676494414511701780e-01
-1.688000000000006651e+01,-1.824000000000046384e+01,4.569969513711835685e-02
2.519999999999519957e+00,7.679999999998983640e+00,-6.038274098503186860e-01
-8.080000000000254090e+00,-2.736000000000026944e+01,-7.047897014606629984e-01
-2.480000000000373461e+00,-2.760000000000026432e+01,-6.726148271423705305e-01
1.775999999999919510e+01,-3.512000000000010402e+01,9.036158457531625610e-01
6.079999999999444071e+00,-3.432000000000012108e+01,8.567438717176769636e-01
-8.040000000000254943e+00,-1.160000000000060538e+01,-7.653399748140202741e-01
-1.320000000000398188e+00,-3.704000000000006310e+01,1.888421255466177506e-01
-1.368000000000013472e+01,2.703999999999857096e+01,-7.355760390954847461e-01
-9.720000000000219131e+00,-1.800000000000046896e+01,2.537622332414396498e-01
5.999999999995608846e-01,5.759999999999024567e+00,9.738585656478679908e-01
-1.444000000000011852e+01,-3.672000000000006992e+01,7.661925423865868501e-01
1.203999999999931703e+01,-3.120000000000786144e+00,9.761757898265633893e-01
-9.920000000000214868e+00,-2.144000000000039563e+01,-1.894929962492408193e-01
-1.480000000000011084e+01,-3.208000000000016882e+01,9.942720702423075707e-01
-1.820000000000003837e+01,-2.464000000000032742e+01,1.437673861197859559e-01
-1.488000000000010914e+01,2.959999999999084253e+00,9.593888614322485520e-01
-1.804000000000004178e+01,-7.360000000000695763e+00,4.812132150364460403e-01
1.159999999999932641e+01,2.007999999999871932e+01,7.212791499759582114e-01
7.239999999999419344e+00,7.999999999991302957e-01,-4.628156585803112066e-01
1.919999999999532747e+00,2.263999999999866475e+01,-9.134399018794673308e-01
1.271999999999930253e+01,8.239999999998971703e+00,-1.676552703444392500e-01
5.999999999999445777e+00,8.959999999998956355e+00,7.513049894125134465e-01
-1.752000000000005286e+01,4.239999999999056968e+00,9.955855145887616553e-01
-1.360000000000013642e+01,1.815999999999876025e+01,-8.443774284102282257e-01
1.491999999999925564e+01,1.639999999999879776e+01,9.303568727326060328e-01
-8.000000000042462034e-02,-2.320000000000035811e+01,1.779329078570676681e-01
-1.800000000000387956e+00,3.239999999999845670e+01,-7.728561283451449437e-01
8.879999999999384386e+00,5.839999999999022862e+00,8.450869159492664373e-01
4.719999999999473062e+00,-3.648000000000007503e+01,-9.041828969783501924e-01
-4.400000000004169465e-01,6.399999999991337063e-01,8.326467734502437379e-01
1.703999999999921044e+01,-2.856000000000024386e+01,3.926272421756690223e-01
1.943999999999915929e+01,-6.720000000000709406e+00,-4.909114791511673404e-01
2.919999999999511431e+00,1.599999999991439381e-01,2.436555159384725111e-01
-1.480000000000394778e+00,-3.168000000000017735e+01,-1.670017772100055586e-01
-5.720000000000304397e+00,-2.584000000000030184e+01,2.220712166934693255e-01
1.935999999999916099e+01,2.967999999999851468e+01,-6.380946509184743931e-01
1.903999999999916781e+01,1.703999999999878412e+01,-9.867069730471923483e-01
1.103999999999933834e+01,-2.232000000000037687e+01,-4.318570920650645628e-01
1.731999999999920448e+01,2.303999999999865622e+01,8.570855371586219018e-01
-4.480000000000330829e+00,-2.160000000000806608e+00,-5.586909288443303589e-01
-5.120000000000317186e+00,2.503999999999861359e+01,-8.990971174945742161e-01
9.199999999999377565e+00,3.967999999999830152e+01,9.885498611352089293e-01
1.375999999999928036e+01,2.399999999991422328e-01,-6.032989187710241508e-01
1.259999999999930509e+01,-2.000000000000810019e+00,9.971139436890663621e-02
-2.320000000000376872e+00,1.679999999999878924e+01,-8.891606384097787696e-01
-1.236000000000016286e+01,-6.480000000000714522e+00,5.944115389328923360e-01
1.247999999999930765e+01,-1.864000000000045532e+01,3.599418107620937501e-01
1.051999999999934943e+01,1.887999999999874490e+01,-9.992585901079340527e-01
-1.040000000000404157e+00,-1.104000000000061732e+01,7.284672526076718668e-01
-1.220000000000016627e+01,1.415999999999884551e+01,8.383800925445104024e-01
-1.740000000000005542e+01,-3.992000000000000171e+01,9.350751291814853872e-01
-1.156000000000017991e+01,-2.400000000000034106e+01,6.565265194718642450e-01
8.839999999999385238e+00,2.319999999999097895e+00,7.939538877855815135e-01
1.891999999999917037e+01,-7.840000000000685532e+00,-9.944826341865614650e-01
-1.496000000000010743e+01,5.919999999999021156e+00,8.938869896300458695e-01
1.371999999999928121e+01,-3.264000000000015689e+01,-6.721241838158927839e-01
-3.720000000000347029e+00,-6.960000000000704290e+00,8.941839386298697789e-01
3.999999999999488409e+00,3.831999999999833051e+01,4.622279808592845707e-01
-1.084000000000019526e+01,-7.760000000000687237e+00,-7.794355650594662066e-01
7.159999999999421050e+00,3.855999999999832539e+01,-2.977008983348232163e-01
-1.308000000000014751e+01,-2.872000000000024045e+01,-8.268227950547890615e-01
1.627999999999922665e+01,-2.344000000000035300e+01,-9.624601764498733614e-01
-2.720000000000368345e+00,-9.920000000000641194e+00,-1.997280867804847593e-01
1.675999999999921641e+01,1.351999999999885915e+01,-2.207784467331177225e-01
1.663999999999921897e+01,2.359999999999864428e+01,-4.714556881166244162e-01
4.799999999995634425e-01,2.431999999999862894e+01,8.787861619252059775e-01
-1.920000000000001705e+01,-1.624000000000050647e+01,-8.673197032231388937e-01
1.687999999999921386e+01,-2.752000000000026603e+01,4.569969513520899529e-02
-1.096000000000019270e+01,3.231999999999845841e+01,-5.854509555846815205e-01
1.515999999999925052e+01,-7.920000000000683826e+00,6.121120005893193605e-01
9.679999999999367333e+00,3.111999999999848399e+01,3.391475109576744251e-01
-1.152000000000018076e+01,7.599999999998985345e+00,5.865251773518539435e-01
5.479999999999456861e+00,6.959999999998998987e+00,-3.076460420111005178e-01
-1.240000000000016200e+01,3.295999999999844476e+01,5.202049939896412623e-01
-6.960000000000277964e+00,-1.400000000000055422e+01,1.444233069775159584e-01
-1.536000000000009891e+01,-2.640000000000796376e+00,2.099414307469333330e-01
1.691999999999921300e+01,-9.680000000000646310e+00,1.347472048879460038e-01
-1.076000000000019696e+01,-3.248000000000016030e+01,-8.784696519782678736e-01
1.855999999999917804e+01,-1.360000000000056275e+01,-6.136832496066803033e-01
1.243999999999930850e+01,1.287999999999887280e+01,4.418395827830839395e-01
1.307999999999929486e+01,-1.192000000000059856e+01,-8.268227950537160309e-01
1.279999999999546390e+00,2.855999999999853856e+01,2.758036135078517637e-01
-1.004000000000021231e+01,2.975999999999851298e+01,-4.430284509534406778e-01
-1.244000000000016115e+01,-3.040000000000787850e+00,4.418395827813692556e-01
8.479999999999392912e+00,-3.616000000000008185e+01,1.120646318177747069e-01
2.959999999999510578e+00,2.527999999999860847e+01,3.293130070930560538e-01
-1.200000000000017053e+01,1.367999999999885574e+01,9.916552086207061079e-01
1.479999999999542126e+00,-6.000000000000724754e+00,-1.670017772081258678e-01
-3.600000000000349587e+00,-8.640000000000668479e+00,9.808800671766499946e-01
-6.160000000000295017e+00,2.951999999999851809e+01,9.348399810007536059e-01
1.571999999999923858e+01,-3.896000000000002217e+01,-5.592405482726683363e-01
5.239999999999461977e+00,-3.688000000000006651e+01,-7.508673807929746591e-01
-3.160000000000358966e+00,1.191999999999889326e+01,7.052597749467330868e-01
-1.828000000000003666e+01,2.327999999999865111e+01,-3.461121796141055501e-02
-1.312000000000014666e+01,-5.200000000000741807e+00,-8.737588329307096613e-01
-1.980000000000000426e+01,2.847999999999854026e+01,2.877233407311488023e-01
8.919999999999383533e+00,4.319999999999055262e+00,8.894637547138443123e-01
-3.880000000000343618e+00,6.879999999999000693e+00,6.807853000399014531e-01
-1.292000000000015092e+01,1.975999999999872614e+01,-5.775010485593030651e-01
1.659999999999921982e+01,-7.200000000008373036e-01,-5.483446101528232086e-01
1.799999999999918998e+01,9.439999999998946123e+00,5.575909538356156325e-01
1.899999999999916866e+01,1.271999999999887621e+01,-9.972786978226969579e-01
-1.332000000000014239e+01,3.167999999999847205e+01,-9.981580324882023403e-01
1.699999999999921130e+01,-1.064000000000062585e+01,3.089071539015255663e-01
-6.320000000000291607e+00,-3.544000000000009720e+01,9.999863897993790385e-01
-1.120000000000018758e+01,1.495999999999882846e+01,-8.866330146759253406e-02
4.439999999999479030e+00,2.159999999999868692e+01,-4.823748848450297166e-01
8.319999999999396323e+00,3.927999999999831005e+01,-2.430126008118609349e-01
3.959999999999489262e+00,-2.968000000000021998e+01,5.395889173305847830e-01
-1.408000000000012619e+01,-3.872000000000002728e+01,6.785840045186192215e-02
4.799999999999471356e+00,3.807999999999833562e+01,-9.657577510792114683e-01
-4.960000000000320597e+00,-2.392000000000034277e+01,-9.954602133029506472e-01
1.563999999999924029e+01,3.687999999999836120e+01,-4.028091875396538901e-01
-1.560000000000009379e+01,-9.360000000000653131e+00,-3.194426473472826711e-01
-9.560000000000222542e+00,2.455999999999862382e+01,5.764182722467975362e-01
-1.100000000000019185e+01,1.423999999999884380e+01,-5.106954441090405528e-01
-1.372000000000013387e+01,3.975999999999829981e+01,-6.721241838144801362e-01
-1.704000000000006310e+01,1.743999999999877559e+01,3.926272421774203991e-01
1.099999999999933920e+01,2.823999999999854538e+01,-5.106954441106807963e-01
6.439999999999436398e+00,-2.560000000000030695e+01,9.655855685041845327e-01
-7.680000000000262617e+00,2.071999999999870568e+01,-9.944128830950398346e-01
1.951999999999915758e+01,-3.040000000000020464e+01,-3.280609865055824081e-01
1.907999999999916696e+01,-1.216000000000059345e+01,-9.682468535213835104e-01
-3.280000000000356408e+00,-1.344000000000056616e+01,8.679787984723905669e-01
-6.560000000000286491e+00,2.471999999999862041e+01,8.620787194083360250e-01
-3.400000000000353850e+00,3.919999999999063789e+00,9.685774165846748884e-01
-3.800000000000345324e+00,-5.520000000000734985e+00,8.002545848972899556e-01
-1.320000000000014495e+01,2.311999999999865452e+01,-9.463552811110964580e-01
1.315999999999929315e+01,-2.608000000000029672e+01,-9.137094589470184935e-01
-6.680000000000283933e+00,3.759999999999067199e+00,6.968737278674106417e-01
1.015999999999935710e+01,2.031999999999871420e+01,-6.648567867365829942e-01
6.319999999999438955e+00,1.359999999999885745e+01,9.999863897993691575e-01
-1.824000000000003752e+01,5.599999999999027978e+00,5.479712649847220257e-02
2.559999999999519105e+00,-1.464000000000054058e+01,-5.302125928322525272e-01
-1.192000000000017224e+01,3.383999999999842601e+01,9.987698120031976989e-01
-1.224000000000016541e+01,2.631999999999858630e+01,7.863398065929706471e-01
-1.672000000000006992e+01,-3.960000000000000853e+01,-3.070152831760286083e-01
8.399999999995557687e-01,-1.496000000000053376e+01,9.530930052773802785e-01
-5.520000000000308660e+00,-5.040000000000745217e+00,-2.214248803534649146e-01
-1.920000000000385398e+00,-2.472000000000032571e+01,-9.134399018802433767e-01
4.479999999999478177e+00,3.991999999999829640e+01,-5.586909288427495124e-01
1.587999999999923517e+01,-2.944000000000022510e+01,-8.141363365394852503e-01
-1.272000000000015518e+01,-1.136000000000061050e+01,-1.676552703463200511e-01
1.087999999999934175e+01,-2.696000000000027796e+01,-7.203602937515664051e-01
-1.720000000000389662e+00,3.623999999999837485e+01,-6.476104773573319040e-01
1.207999999999931617e+01,2.903999999999852832e+01,9.528921695963001870e-01
1.767999999999919680e+01,2.063999999999870738e+01,9.654129616941063974e-01
1.895999999999916952e+01,-8.320000000000675300e+00,-9.998775104171924166e-01
1.175999999999932299e+01,-2.888000000000023704e+01,9.181627672142858021e-01
5.199999999999462830e+00,2.671999999999857778e+01,-8.068598938508245721e-01
5.559999999999455156e+00,-2.568000000000030525e+01,-1.334335002745290488e-01
1.107999999999933749e+01,3.727999999999835268e+01,-3.495661859066463983e-01
6.359999999999438103e+00,8.079999999998975113e+00,9.964551376794502646e-01
4.079999999999486704e+00,1.719999999999878071e+01,2.970680482329621785e-01
-7.840000000000259206e+00,2.943999999999851980e+01,-9.684123477908126443e-01
1.159999999999548947e+00,3.791999999999833904e+01,5.207709711094418159e-01
6.279999999999439808e+00,3.183999999999846864e+01,9.955230826396391786e-01
5.639999999999453451e+00,2.567999999999859995e+01,4.503753928394462619e-02
-4.720000000000325713e+00,3.703999999999835779e+01,-9.041828969791643189e-01
-2.160000000000380282e+00,3.479999999999840554e+01,-9.931027207054821115e-01
1.623999999999922750e+01,-8.400000000000673595e+00,-9.828573506766900003e-01
1.603999999999923176e+01,-1.656000000000049965e+01,-9.659295093445264824e-01
-1.940000000000001279e+01,-2.152000000000039392e+01,-5.667686285674935487e-01
-4.520000000000329976e+00,1.039999999999892566e+01,-6.305404243016931032e-01
-4.160000000000337650e+00,-1.904000000000044679e+01,1.224272608437265153e-01
-4.400000000000332534e+00,-3.856000000000003070e+01,-4.022024137503996122e-01
8.799999999995549160e-01,1.031999999999892736e+01,9.222469495018452701e-01
1.759999999999536158e+00,9.999999999998934186e+00,-7.130837367472744326e-01
-1.668000000000007077e+01,4.959999999999041620e+00,-3.907976343336574399e-01
4.159999999999484999e+00,1.751999999999877389e+01,1.224272608456199729e-01
2.479999999999520810e+00,3.655999999999836803e+01,-6.726148271437809578e-01
1.183999999999932129e+01,3.391999999999842430e+01,9.740089189001297498e-01
-1.564000000000009294e+01,1.623999999999880117e+01,-4.028091875414033241e-01
-1.464000000000011426e+01,-3.240000000000016200e+01,9.687420598290221729e-01
-1.840000000000387104e+00,1.687999999999878753e+01,-8.264497917152536788e-01
-7.080000000000275406e+00,3.863999999999832369e+01,-1.230850860725871132e-01
1.851999999999917890e+01,-2.776000000000026091e+01,-5.407045680625870432e-01
-1.636000000000007759e+01,8.559999999998964881e+00,-8.988067630260326846e-01
1.723999999999920618e+01,-1.120000000000061391e+01,7.517422679439328403e-01
1.047999999999935028e+01,-3.200000000008458301e-01,-9.918252412863292067e-01
-2.800000000004203571e-01,2.151999999999868862e+01,5.859881951973742176e-01
1.431999999999926843e+01,6.719999999999004103e+00,5.684057988297051001e-01
3.719999999999494378e+00,-3.784000000000004604e+01,8.941839386307230964e-01
-2.360000000000376019e+00,-1.040000000000063096e+01,-8.447323577483123458e-01
-9.520000000000223395e+00,6.799999999999002398e+00,6.471052711290758985e-01
-1.468000000000011340e+01,3.919999999999831175e+01,9.870281746926599098e-01
-1.108000000000019014e+01,-1.792000000000047066e+01,-3.495661859048623255e-01
9.839999999999363922e+00,3.263999999999845159e+01,-1.176005238416680775e-02
-4.800000000004160938e-01,-2.240000000000037517e+01,8.787861619261158053e-01
8.679999999999388649e+00,1.535999999999881993e+01,5.307744735991777318e-01
-1.620000000000008100e+01,9.679999999998941007e+00,-9.953969066061383320e-01
1.355999999999928463e+01,-3.624000000000008015e+01,-8.888571314496807041e-01
6.919999999999426166e+00,-3.576000000000009038e+01,2.322330406711354267e-01
-1.216000000000016712e+01,1.607999999999880458e+01,8.837178079239973449e-01
1.727999999999920533e+01,-3.288000000000015177e+01,8.076423186874204241e-01
-1.788000000000004519e+01,-1.968000000000043315e+01,7.577179719995937868e-01
-1.916000000000001791e+01,5.439999999999031388e+00,-9.083136455564525535e-01
-5.200000000000315481e+00,8.479999999998966587e+00,-8.068598938496985840e-01
-7.200000000004109779e-01,-6.560000000000712816e+00,9.992328511447541306e-01
1.171999999999932385e+01,-1.448000000000054399e+01,8.791022857733140627e-01
-1.924000000000001620e+01,3.399999999999842260e+01,-8.193918277357828961e-01
4.919999999999468798e+00,-1.112000000000061561e+01,-9.999827118988072749e-01
4.639999999999474767e+00,4.079999999999060378e+00,-8.137512648610014665e-01
1.523999999999924881e+01,3.519999999999839702e+01,4.616401000545307109e-01
-5.000000000000319744e+00,1.143999999999890349e+01,-9.829793407062560329e-01
1.559999999999924114e+01,-2.256000000000037176e+01,-3.194426473454714532e-01
-3.440000000000352998e+00,-4.240000000000762270e+00,9.869215410704419433e-01
1.507999999999925222e+01,7.919999999998978524e+00,7.430484949786602122e-01
-1.660000000000007248e+01,2.279999999999866134e+01,-5.483446101512248205e-01
5.359999999999459419e+00,1.223999999999888644e+01,-5.488987898827784040e-01
-8.880000000000237037e+00,1.527999999999882164e+01,8.450869159502845118e-01
-5.440000000000310365e+00,-2.064000000000041268e+01,-3.914076756704452098e-01
-1.936000000000001364e+01,-1.048000000000062926e+01,-6.380946509170081216e-01
8.039999999999402291e+00,-2.792000000000025750e+01,-7.653399748152481807e-01
3.479999999999499494e+00,2.583999999999859654e+01,9.973755554056387140e-01
-1.760000000000388809e+00,-3.296000000000015007e+01,-7.130837367486110301e-01
-1.200000000000400746e+00,-2.120000000000040075e+01,4.424341140593047728e-01
-1.684000000000006736e+01,-1.056000000000062755e+01,-4.371316850997861159e-02
-2.000000000000000000e+01,2.167999999999868521e+01,6.735952270346660109e-01
-1.508000000000010488e+01,3.599999999999837996e+01,7.430484949773857872e-01
-9.040000000000233626e+00,3.407999999999842089e+01,9.787959846081017989e-01
-1.840000000000003411e+01,-8.800000000008338930e-01,-2.983336176440362086e-01
1.359999999999544684e+00,2.479999999999094484e+00,1.003709074742060864e-01
7.319999999999417639e+00,-1.872000000000045361e+01,-6.131597692516463916e-01
-1.012000000000021060e+01,-1.536000000000052523e+01,-5.954770738611935288e-01
1.635999999999922494e+01,-1.240000000000058833e+01,-8.988067630268674613e-01
-1.300000000000014921e+01,-1.984000000000042974e+01,-7.135482820489541522e-01
1.831999999999918316e+01,-1.520000000000052864e+01,-1.237428572196500043e-01
-1.316000000000014580e+01,-2.440000000000033253e+01,-9.137094589477937623e-01
1.995999999999914820e+01,-6.320000000000717932e+00,6.048835958920829592e-01
-7.760000000000260911e+00,1.479999999999883187e+01,-9.973273457043257961e-01
-1.328000000000014325e+01,1.927999999999873637e+01,-9.887490298564282076e-01
6.799999999995591793e-01,2.831999999999854367e+01,9.987367244847693559e-01
-4.040000000000340208e+00,-2.248000000000037346e+01,3.811716850979489646e-01
1.179999999999932214e+01,-7.520000000000692353e+00,9.498828420799917405e-01
-3.640000000000348734e+00,-1.664000000000049795e+01,9.595756286782737288e-01
-1.952000000000001023e+01,-2.352000000000035129e+01,-3.280609865037835138e-01
-1.992000000000000171e+01,-3.880000000000002558e+01,5.313361211710725396e-01
-1.412000000000012534e+01,-3.392000000000012960e+01,1.567047635208578815e-01
1.519999999999541274e+00,-3.656000000000007333e+01,-2.544033188919782584e-01
-6.600000000000285638e+00,-4.800000000000750333e+00,8.133658356570736547e-01
-1.748000000000005372e+01,3.415999999999841918e+01,9.832220250832524044e-01
1.591999999999923432e+01,3.943999999999830663e+01,-8.627497807240228633e-01
-1.032000000000020634e+01,-3.216000000000016712e+01,-8.843374746118074503e-01
-1.544000000000009720e+01,-3.096000000000019270e+01,3.262382711752277731e-02
-8.800000000004075673e-01,-3.112000000000018929e+01,9.222469495011081930e-01
-4.640000000000327418e+00,-3.256000000000015859e+01,-8.137512648621093581e-01
-6.000000000004135359e-01,2.079999999999870397e+01,9.738585656483010888e-01
-1.624000000000008015e+01,5.999999999999019451e+00,-9.828573506763376155e-01
3.519999999999498641e+00,5.199999999999036504e+00,9.998558832159065712e-01
1.531999999999924711e+01,3.647999999999836973e+01,2.964350676110365512e-01
-2.400000000004212097e-01,8.319999999998969997e+00,5.112652149253569256e-01
2.639999999999517399e+00,-3.280000000000015348e+01,-3.708887521244533803e-01
1.143999999999932982e+01,2.599999999999859313e+01,4.330523958415880559e-01
3.839999999999491820e+00,-1.312000000000057298e+01,7.434919280656165919e-01
1.599999999999923261e+01,-2.912000000000023192e+01,-9.389509687295758411e-01
1.755999999999919936e+01,-3.776000000000004775e+01,9.999896283512216266e-01
-1.724000000000005883e+01,-3.760000000000005116e+01,7.517422679451886136e-01
-1.252000000000015945e+01,-4.400000000000758860e+00,2.751664234309959545e-01
-1.700000000000006395e+01,-1.592000000000051330e+01,3.089071539033366731e-01
3.599999999999496936e+00,3.279999999999077431e+00,9.808800671770209201e-01
1.475999999999925905e+01,-3.560000000000009379e+01,9.998444106757522487e-01
5.719999999999451745e+00,2.255999999999866645e+01,2.220712166916091468e-01
1.499999999999925393e+01,-1.512000000000053035e+01,8.502707767382994275e-01
-7.040000000000276259e+00,-3.472000000000011255e+01,-3.394876916594757182e-02
8.279999999999397176e+00,1.359999999999118359e+00,-3.286870690053242394e-01
4.359999999999480735e+00,-2.088000000000040757e+01,-3.188144678498907036e-01
8.199999999999398881e+00,4.159999999999058673e+00,-4.914888423314175414e-01
-1.904000000000002046e+01,-2.032000000000041950e+01,-9.867069730468828181e-01
-4.680000000000326565e+00,3.327999999999843794e+01,-8.624144395200635804e-01
-1.772000000000004860e+01,3.839999999999832880e+01,9.382649621989905819e-01
8.399999999999394618e+00,-4.080000000000765681e+00,-6.653572018905984375e-02
-2.000000000004220624e-01,-3.536000000000009891e+01,4.324548389547209215e-01
1.575999999999923773e+01,-2.456000000000032912e+01,-6.310547520037848024e-01
-1.484000000000010999e+01,-3.968000000000000682e+01,9.807508546174588115e-01
-1.492000000000010829e+01,1.079999999999891713e+01,9.303568727319078135e-01
-3.240000000000357261e+00,-1.528000000000052694e+01,8.201510302822727638e-01
1.063999999999934687e+01,-2.656000000000028649e+01,-9.737077845267029241e-01
-8.000000000000255795e+00,-2.616000000000029502e+01,-8.197716090937368083e-01
-5.840000000000301839e+00,2.135999999999869203e+01,4.726243742481981425e-01
-8.920000000000236184e+00,3.343999999999843453e+01,8.894637547147145051e-01
-4.263256414560601115e-13,-2.800000000000025580e+01,9.532931148469527762e-13
1.859999999999917719e+01,3.679999999999068905e+00,-6.817557372585879572e-01
1.551999999999924285e+01,2.735999999999856414e+01,-1.457349580456474836e-01
-1.708000000000006224e+01,-2.520000000000031548e+01,4.732084059677195143e-01
-1.604000000000008441e+01,3.751999999999834756e+01,-9.659295093450193104e-01
-9.760000000000218279e+00,-7.680000000000688942e+00,1.663482106987940745e-01
5.119999999999464535e+00,-1.760000000000047748e+01,-8.990971174954085487e-01
1.139999999999933067e+01,-2.400000000008475354e-01,3.508079204017996999e-01
6.119999999999443219e+00,2.623999999999858801e+01,8.993870769405726273e-01
-5.960000000000299281e+00,5.519999999999029683e+00,6.893522611992989324e-01
1.335999999999928889e+01,-4.000000000000767386e+00,-9.995870929502329583e-01
7.759999999999408260e+00,1.119999999999123474e+00,-9.973273457044652401e-01
1.791999999999919169e+01,-5.920000000000726459e+00,6.963981912125414286e-01
-1.176000000000017565e+01,1.647999999999879606e+01,9.181627672150416419e-01
1.479999999999925819e+01,-2.312000000000035982e+01,9.942720702425111856e-01
1.187999999999932044e+01,-1.552000000000052182e+01,9.903481176982421585e-01
5.159999999999463682e+00,-3.368000000000013472e+01,-8.564018298632672943e-01
-2.200000000000379430e+00,9.119999999998952944e+00,-9.786599954110182242e-01
1.359999999999928377e+01,2.759999999999855902e+01,-8.443774284112484096e-01
5.959999999999446629e+00,2.215999999999867498e+01,6.893522611979194803e-01
1.111999999999933664e+01,2.095999999999870056e+01,-2.644806141168770108e-01
9.319999999999375007e+00,2.535999999999860677e+01,9.131699434885779398e-01
1.347999999999928633e+01,-2.400000000000801492e+00,-9.561993948842318902e-01
-1.608000000000008356e+01,3.055999999999849592e+01,-9.851857641355269424e-01
1.999999999999531042e+00,2.287999999999865963e+01,-9.712777989604036710e-01
7.799999999999407407e+00,-2.408000000000033936e+01,-9.868144738396058546e-01
-2.680000000000369198e+00,1.311999999999886768e+01,-2.864534696579674744e-01
1.415999999999927184e+01,1.063999999999892054e+01,2.442983240157385605e-01
-7.240000000000271996e+00,-2.496000000000032060e+01,-4.628156585819992452e-01
9.999999999995523581e-01,-2.416000000000033765e+01,7.867491315478318814e-01
-1.028000000000020719e+01,-7.040000000000702585e+00,-8.391019635713546920e-01
1.759999999999919851e+01,3.783999999999834074e+01,9.963991569430652451e-01
6.799999999999428724e+00,1.839999999999108127e+00,4.817941557816731168e-01
2.359999999999523368e+00,-3.824000000000003752e+01,-8.447323577493328628e-01
-8.760000000000239595e+00,-1.088000000000062073e+01,6.731051749551834051e-01
-5.880000000000300986e+00,-1.584000000000051500e+01,5.494527284514731935e-01
-9.280000000000228511e+00,3.039999999999849933e+01,9.459260864315509609e-01
2.399999999999522515e+00,3.151999999999847546e+01,-7.935507222640353353e-01
-1.460000000000011511e+01,3.255999999999845329e+01,9.427111737335005515e-01
4.399999999999479883e+00,-1.288000000000057810e+01,-4.022024137486545636e-01
-1.296000000000015007e+01,3.567999999999838678e+01,-6.481153990534290754e-01
-1.892000000000002302e+01,2.511999999999861188e+01,-9.944826341867619712e-01
4.399999999995642952e-01,1.959999999999872955e+01,8.326467734491878048e-01
-1.848000000000003240e+01,-2.304000000000036152e+01,-4.634031329644789921e-01
-9.080000000000232774e+00,-9.040000000000659952e+00,9.931802187085547740e-01
-9.400000000000225953e+00,-2.480000000000799787e+00,8.260764252700426580e-01
2.799999999995677058e-01,-3.768000000000004945e+01,5.859881951958292312e-01
3.119999999999507168e+00,3.079999999999849081e+01,6.391148052525448264e-01
9.239999999999376712e+00,2.799999999999087663e+00,9.711198642783060997e-01
-4.200000000000336797e+00,-4.480000000000757154e+00,3.328630545303008087e-02
-7.920000000000257501e+00,-9.600000000008321877e-01,-9.085907045049802511e-01
-9.800000000000217426e+00,-3.496000000000010743e+01,7.760428942446501166e-02
7.839999999999406555e+00,-1.920000000000044338e+01,-9.684123477912874867e-01
1.131999999999933237e+01,1.055999999999892225e+01,1.785851299352507193e-01
-1.628000000000007930e+01,3.823999999999833221e+01,-9.624601764493564415e-01
6.719999999999430429e+00,1.759999999999877218e+01,6.300258195672209238e-01
1.399999999999543832e+00,-1.848000000000045873e+01,1.109725730890624533e-02
7.039999999999423608e+00,3.191999999999846693e+01,-3.394876916404086092e-02
1.311999999999929400e+01,-2.168000000000039051e+01,-8.737588329297835132e-01
9.559999999999369891e+00,1.391999999999885063e+01,5.764182722483565113e-01
-7.200000000000272848e+00,-1.032000000000063267e+01,-3.817843982319734097e-01
9.359999999999374154e+00,2.919999999999852491e+01,8.731133099382326623e-01
1.811999999999918742e+01,2.271999999999866304e+01,3.175576889186785268e-01
1.879999999999917293e+01,2.999999999999850786e+01,-9.310841324074884406e-01
1.023999999999935540e+01,-2.560000000000798082e+00,-7.871581108384122505e-01
-8.120000000000253237e+00,-2.848000000000024556e+01,-6.386048683718014152e-01
1.535999999999924626e+01,-3.680000000000774207e+00,2.099414307488020881e-01
9.959999999999361364e+00,-6.800000000000707701e+00,-2.764406824054302381e-01
-1.908000000000001961e+01,-1.712000000000048772e+01,-9.682468535209074467e-01
-1.592000000000008697e+01,3.663999999999836632e+01,-8.627497807249856487e-01
4.239999999999483293e+00,-3.984000000000000341e+01,-5.612076289976066640e-02
7.599999999995574740e-01,-1.944000000000043826e+01,9.917404428166745056e-01
-1.512000000000010402e+01,-3.976000000000000512e+01,6.802996326646010283e-01
6.399999999995600319e-01,2.719999999999089368e+00,9.902560292044733092e-01
-6.280000000000292459e+00,4.479999999999051852e+00,9.955230826398193678e-01
-6.520000000000287343e+00,2.639999999999858460e+01,9.038995699316108023e-01
1.503999999999925308e+01,2.343999999999864770e+01,7.998569312001717613e-01
5.599999999999454303e+00,3.519999999999072315e+00,-4.437536364712984377e-02
8.599999999999390354e+00,3.455999999999841066e+01,3.715042335598128798e-01
8.999999999999381828e+00,2.871999999999853515e+01,9.565866014836131859e-01
-1.540000000000009805e+01,3.903999999999831516e+01,1.217693818277702650e-01
1.931999999999916184e+01,2.935999999999852150e+01,-7.043193183246272415e-01
1.199999999999548095e+00,-2.544000000000031037e+01,4.424341140610145162e-01
-7.160000000000273701e+00,1.663999999999879265e+01,-2.977008983366411510e-01
-2.960000000000363229e+00,3.959999999999830322e+01,3.293130070948557253e-01
-7.480000000000266880e+00,2.575999999999859824e+01,-8.509677934151131939e-01
-9.000000000000234479e+00,1.319999999999886597e+01,9.565866014841681864e-01
-1.584000000000008868e+01,-1.760000000000815135e+00,-7.590141425666202535e-01
-7.400000000000268585e+00,2.775999999999855561e+01,-7.439350344958997052e-01
1.835999999999918231e+01,-3.848000000000003240e+01,-2.118852134079829419e-01
1.275999999999930168e+01,-3.008000000000021146e+01,-2.550442927692221362e-01
1.003999999999935966e+01,-2.200000000000038369e+01,-4.430284509517334879e-01
-1.432000000000012108e+01,2.119999999999869544e+01,5.684057988312776200e-01
7.279999999999418492e+00,7.519999999998987050e+00,-5.401468613538131791e-01
2.599999999999518252e+00,-3.952000000000001023e+01,-4.523589021180505210e-01
1.367999999999928207e+01,3.359999999999843112e+01,-7.355760390967748252e-01
-1.520000000000010232e+01,-1.600000000008492407e-01,5.390307362332198426e-01
-3.480000000000352145e+00,4.879999999999043325e+00,9.973755554057768258e-01
-2.920000000000364082e+00,1.759999999999109832e+00,2.436555159403228366e-01
-1.948000000000001108e+01,-3.048000000000020293e+01,-4.111296553947911270e-01
-4.000000000004177991e-01,-9.120000000000658247e+00,7.798506503855220373e-01
8.959999999999382680e+00,-3.328000000000014325e+01,9.267296259825692495e-01
6.759999999999429576e+00,-1.456000000000054229e+01,5.581410639509236660e-01
7.719999999999409113e+00,2.983999999999851127e+01,-9.998669164646479812e-01
-1.784000000000004604e+01,2.799999999999855049e+01,8.129800490970439109e-01
3.199999999999505462e+00,-9.600000000000648015e+00,7.657664268212288627e-01
5.919999999999447482e+00,3.007999999999850615e+01,6.218883904588620171e-01
3.599999999995660005e-01,-1.920000000000811724e+00,7.208198802109012648e-01
1.199999999999931788e+01,2.815999999999854708e+01,9.916552086209520223e-01
1.471999999999925990e+01,2.351999999999864599e+01,9.974233269053134343e-01
-9.200000000000230216e+00,-3.360000000000013642e+01,9.885498611349210485e-01
-1.168000000000017735e+01,-3.632000000000007844e+01,8.330136733426337647e-01
-1.552000000000009550e+01,3.511999999999839872e+01,-1.457349580475384154e-01
-8.280000000000249827e+00,3.063999999999849422e+01,-3.286870690035224585e-01
-6.120000000000295870e+00,-1.504000000000053205e+01,8.993870769414066269e-01
-1.680000000000390514e+00,2.839999999999854197e+01,-5.769597871488262308e-01
6.999999999999424460e+00,-1.368000000000056104e+01,5.545895688409622354e-02
-1.072000000000019782e+01,-6.400000000000716227e+00,-9.176367229334626563e-01
1.255999999999930594e+01,-2.008000000000042462e+01,1.881911718790635624e-01
-1.472000000000011255e+01,1.895999999999874319e+01,9.974233269054501028e-01
1.351999999999928548e+01,7.199999999991320010e-01,-9.262307167439134403e-01
9.599999999999369038e+00,4.799999999999045031e+00,5.011230005993005943e-01
8.719999999999387796e+00,-1.480000000000053717e+01,6.043556356336839963e-01
-6.440000000000289049e+00,-3.440000000000779323e+00,9.655855685036888181e-01
-1.036000000000020549e+01,2.607999999999859142e+01,-9.225030010643506806e-01
-1.044000000000020378e+01,-3.696000000000006480e+01,-9.764625788590700628e-01
1.303999999999929571e+01,-3.720000000000005969e+01,-7.732765833630367291e-01
7.199999999995583266e-01,1.519999999999114948e+00,9.992328511448287376e-01
-1.728000000000005798e+01,3.719999999999835438e+01,8.076423186885434147e-01
-2.080000000000381988e+00,-2.624000000000029331e+01,-9.981176004895403464e-01
8.239999999999398028e+00,-2.768000000000026262e+01,-4.117337931770437831e-01
-1.056000000000020123e+01,2.479999999999861870e+01,-9.987031981667613412e-01
-3.560000000000350440e+00,3.271999999999844988e+01,9.943426951031413275e-01
1.971999999999915332e+01,-8.000000000085094598e-02,1.127232702582271762e-01
-5.320000000000312923e+00,-3.600000000000008527e+01,-6.213691812457314834e-01
3.999999999957282171e-02,-3.792000000000004434e+01,8.932350983393851085e-02
1.915999999999916525e+01,-2.896000000000023533e+01,-9.083136455572520251e-01
1.967999999999915417e+01,2.087999999999870226e+01,2.351847831153932103e-02
1.443999999999926587e+01,1.863999999999875001e+01,7.661925423853584993e-01
1.991999999999914905e+01,1.679999999999111537e+00,5.313361211694592745e-01
-4.760000000000324860e+00,-2.160000000000039222e+01,-9.387227122854515660e-01
-1.248000000000016030e+01,3.431999999999841577e+01,3.599418107603171713e-01
-1.240000000000399893e+00,-2.264000000000037005e+01,3.605601431177799521e-01
1.863999999999917634e+01,-2.720000000000027285e+01,-7.443778140735511917e-01
1.403999999999927439e+01,2.927999999999852321e+01,-2.153046800767605476e-02
-1.572000000000009123e+01,-9.520000000000649720e+00,-5.592405482742529577e-01
-6.200000000000294165e+00,-2.680000000000028137e+01,9.628191496959660478e-01
1.683999999999921471e+01,-2.960000000000022169e+01,-4.371316851188814662e-02
-8.720000000000240448e+00,1.335999999999886256e+01,6.043556356352038916e-01
1.239999999999547242e+00,2.591999999999859483e+01,3.605601431195581963e-01
1.787999999999919254e+01,-1.200000000000059686e+01,7.577179720008364594e-01
1.387999999999927780e+01,2.559999999999860165e+01,-3.702731077356077316e-01
-9.840000000000216573e+00,1.487999999999883016e+01,-1.176005238607093044e-02
6.479999999999435545e+00,-1.424000000000054911e+01,9.384940434084350080e-01
-3.760000000000346176e+00,-3.800000000000004263e+01,8.506194719375366198e-01
1.955999999999915673e+01,2.391999999999863746e+01,-2.423695789146723401e-01
1.407999999999927354e+01,2.679999999999857607e+01,6.785840044996205300e-02
-9.320000000000227658e+00,9.599999999991268851e-01,9.131699434878017829e-01
-9.440000000000225100e+00,-4.560000000000755449e+00,7.724353337668613539e-01
-1.280000000000015348e+01,-1.072000000000062414e+01,-3.403943207271920013e-01
-5.200000000004152412e-01,3.215999999999846182e+01,9.178999467164589143e-01
1.199999999995711164e-01,-3.528000000000010061e+01,2.651197913360877068e-01
-1.356000000000013728e+01,-9.440000000000651426e+00,-8.888571314488066255e-01
-1.340000000000014069e+01,-1.336000000000056787e+01,-9.930247863782833972e-01
1.079999999999550653e+00,-3.752000000000005286e+01,6.643615197720383891e-01
1.411999999999927269e+01,-1.832000000000046214e+01,1.567047635189736388e-01
-1.404000000000012705e+01,3.199999999999846523e+01,-2.153046800577224085e-02
6.879999999999427018e+00,2.159999999999101306e+00,3.181861482834786314e-01
-1.780000000000004690e+01,-3.320000000000014495e+01,8.617426205392361149e-01
1.999999999995694111e-01,-3.712000000000006139e+01,4.324548389530018522e-01
1.219999999999931362e+01,2.719999999999856755e+01,8.383800925455483499e-01
-1.436000000000012022e+01,-2.272000000000036835e+01,6.396244613366596221e-01
1.695999999999921215e+01,1.583999999999880970e+01,2.227174554617188107e-01
-1.324000000000014410e+01,9.839999999998937597e+00,-9.714353069079424419e-01
9.279999999999375859e+00,2.543999999999860506e+01,9.459260864321697992e-01
6.599999999999432987e+00,7.999999999914564341e-02,8.133658356581825455e-01
-2.400000000000375167e+00,1.831999999999875683e+01,-7.935507222628749302e-01
8.519999999999392060e+00,3.815999999999833392e+01,2.003775259453100810e-01
-1.800000000000004263e+01,-2.376000000000034618e+01,5.575909538340348970e-01
4.999999999999467093e+00,-7.120000000000700879e+00,-9.829793407066061972e-01
-6.840000000000280522e+00,2.175999999999868351e+01,4.015954632481310016e-01
-8.600000000000243006e+00,2.207999999999867669e+01,3.715042335615841296e-01
-4.440000000000331681e+00,3.023999999999850274e+01,-4.823748848466977712e-01
7.999999999995566213e-01,-3.128000000000018588e+01,9.763193988180751681e-01
1.751999999999920021e+01,3.983999999999829811e+01,9.955855145885822433e-01
-6.040000000000297575e+00,2.711999999999856925e+01,8.072512836045073747e-01
1.363999999999928292e+01,1.343999999999886086e+01,-7.931472080910884070e-01
-1.860000000000002984e+01,2.295999999999865793e+01,-6.817557372599810650e-01
-1.104000000000019099e+01,3.095999999999848740e+01,-4.318570920633470478e-01
-1.756000000000005201e+01,-1.688000000000049283e+01,9.999896283512302864e-01
-2.040000000000382840e+00,1.295999999999887109e+01,-9.886496626797565135e-01
-1.792000000000004434e+01,-4.960000000000746923e+00,6.963981912111747441e-01
-1.596000000000008612e+01,2.423999999999863064e+01,-9.044658267688976405e-01
1.263999999999930424e+01,-3.448000000000011767e+01,1.043445735611028997e-02
-9.160000000000231068e+00,1.007999999999893248e+01,9.980767299631007061e-01
-1.796000000000004349e+01,1.903999999999874149e+01,6.295109380264612975e-01
1.599999999995702638e-01,-2.104000000000040416e+01,3.501871300815102006e-01
-1.516000000000010317e+01,8.719999999998961471e+00,6.121120005878135650e-01
-6.480000000000288196e+00,-7.600000000000690648e+00,9.384940434077762017e-01
1.035999999999935284e+01,1.871999999999874831e+01,-9.225030010636142697e-01
3.199999999995668531e-01,3.639999999999837144e+01,6.560263943434617717e-01
8.639999999999389502e+00,3.679999999999836291e+01,4.529499458182964511e-01
-1.384000000000013131e+01,1.999999999999872102e+01,-4.517676596683918855e-01
3.319999999999502904e+00,-3.200000000000017053e+01,9.088673642599098823e-01
-6.800000000000281375e+00,-1.744000000000048090e+01,4.817941557800013430e-01
1.511999999999925137e+01,3.879999999999832028e+01,6.802996326659966897e-01
1.847999999999917975e+01,2.367999999999864258e+01,-4.634031329627915086e-01
-9.240000000000229363e+00,3.135999999999847887e+01,9.711198642778517964e-01
3.439999999999500346e+00,-3.600000000000775913e+00,9.869215410701345226e-01
9.399999999999373301e+00,2.663999999999857948e+01,8.260764252711179090e-01
-1.532000000000009976e+01,1.279999999999120064e+00,2.964350676092178949e-01
1.827999999999918401e+01,-2.528000000000031378e+01,-3.461121795950743846e-02
1.135999999999933152e+01,-2.744000000000026773e+01,2.657588520755103656e-01
1.083999999999934261e+01,-3.080000000000019611e+01,-7.794355650606613617e-01
-1.600000000004229150e-01,2.335999999999864940e+01,3.501871300832961609e-01
7.639999999999410818e+00,2.231999999999867157e+01,-9.810088487815731284e-01
1.115999999999933578e+01,1.775999999999876877e+01,-1.772806076013515308e-01
-3.600000000004186518e-01,7.839999999998980229e+00,7.208198802122227633e-01
5.879999999999448335e+00,-2.056000000000041439e+01,5.494527284498791353e-01
1.423999999999927013e+01,1.935999999999873467e+01,4.129415257794502025e-01
-1.720000000000005969e+01,-3.024000000000020805e+01,6.898322872813812401e-01
5.679999999999452598e+00,3.199999999991405275e-01,1.340903820369128419e-01
-5.600000000004143885e-01,1.807999999999876195e+01,9.496754260941819847e-01
-1.268000000000015604e+01,-1.224000000000059174e+01,-7.892589968183555404e-02
1.163999999999932555e+01,2.879999999999085958e+00,7.802653930781419112e-01
-1.664000000000007162e+01,1.511999999999882505e+01,-4.714556881149450929e-01
-1.888000000000002387e+01,-1.024000000000063437e+01,-9.811371993760165111e-01
-3.920000000000342766e+00,-1.912000000000044508e+01,6.126360195019858734e-01
1.959999999999915588e+01,-1.672000000000049624e+01,-1.547405069855519733e-01
4.879999999999469651e+00,-2.504000000000031889e+01,-9.965106806184280686e-01
1.911999999999916611e+01,3.359999999999075726e+00,-9.420459217737569002e-01
5.439999999999457714e+00,3.351999999999843283e+01,-3.914076756721991956e-01
4.599999999999475619e+00,2.487999999999861700e+01,-7.585824189335925727e-01
-1.972000000000000597e+01,2.895999999999853003e+01,1.127232702601192876e-01
-4.560000000000329123e+00,-1.384000000000055763e+01,-6.973489583502635591e-01
5.519999999999456008e+00,-1.888000000000045020e+01,-2.214248803553236222e-01
1.843999999999918060e+01,1.567999999999881311e+01,-3.823969436237014130e-01
3.999999999995651478e-01,1.231999999999888473e+01,7.798506503843286586e-01
-1.984000000000000341e+01,-8.960000000000661657e+00,3.721195517765829019e-01
9.039999999999380975e+00,-3.840000000000003411e+01,9.787959846077110004e-01
-1.696000000000006480e+01,-1.840000000000813429e+00,2.227174554635821813e-01
1.543999999999924455e+01,-1.144000000000060879e+01,3.262382711942601876e-02
-1.560000000000393072e+00,1.375999999999885404e+01,-3.397709904824228189e-01
1.043999999999935113e+01,-4.320000000000760565e+00,-9.764625788586593913e-01
1.959999999999531894e+00,-3.152000000000018076e+01,-9.461408916167399763e-01
1.963999999999915502e+01,2.727999999999856584e+01,-6.587433606319315071e-02
6.199999999999441513e+00,-8.080000000000680416e+00,9.628191496954506823e-01
3.679999999999495230e+00,1.263999999999887791e+01,9.305997015233212766e-01
5.839999999999449187e+00,-9.760000000000644604e+00,4.726243742465168762e-01
-7.520000000000266027e+00,3.743999999999834927e+01,-8.944804947666302741e-01
-4.000000000000341061e+00,9.279999999998949534e+00,4.622279808575943671e-01
-1.556000000000009464e+01,1.167999999999889837e+01,-2.335222692142493450e-01
-1.184000000000017394e+01,1.671999999999879094e+01,9.740089189005610715e-01
1.019999999999935625e+01,3.543999999999839190e+01,-7.289211902770336149e-01
1.075999999999934431e+01,2.495999999999861529e+01,-8.784696519791777014e-01
9.159999999999378417e+00,-1.784000000000047237e+01,9.980767299632189449e-01
-8.400000000000247269e+00,-3.944000000000001194e+01,-6.653572018715626923e-02
-7.560000000000265175e+00,8.159999999998973408e+00,-9.308421214506834573e-01
-8.240000000000250679e+00,1.439999999999116653e+00,-4.117337931753052294e-01
1.867999999999917549e+01,-2.488000000000032230e+01,-8.010488373324201605e-01
9.519999999999370743e+00,1.559999999999881481e+01,6.471052711305304017e-01
1.079999999999934346e+01,-1.432000000000054740e+01,-8.322795077305796818e-01
6.399999999999437250e+00,-1.736000000000048260e+01,9.849575574685189849e-01
6.519999999999434692e+00,-3.272000000000015518e+01,9.038995699324261501e-01
-6.400000000004126832e-01,-2.448000000000033083e+01,9.902560292047388746e-01
1.119999999999549800e+00,-2.016000000000042292e+01,5.949444370936267656e-01
-1.744000000000005457e+01,3.127999999999848058e+01,9.629980018297169542e-01
-1.600000000000392220e+00,-2.080000000000808313e+00,-4.224223057759527444e-01
-3.120000000000359819e+00,3.631999999999837314e+01,6.391148052540114310e-01
2.879999999999512283e+00,6.479999999999009219e+00,1.560500798059843985e-01
-9.880000000000215721e+00,7.759999999998981934e+00,-1.010303764810782101e-01
1.071999999999934516e+01,-3.728000000000005798e+01,-9.176367229342194953e-01
5.279999999999461124e+00,3.871999999999832198e+01,-6.888719322470631123e-01
7.079999999999422755e+00,3.847999999999832710e+01,-1.230850860706955707e-01
1.803999999999918913e+01,4.399999999999053557e+00,4.812132150381215334e-01
-4.240000000000335945e+00,-2.112000000000040245e+01,-5.612076290166369275e-02
-4.000000000042547299e-02,3.839999999999065494e+00,8.932350983583746407e-02
-3.360000000000354703e+00,-3.488000000000010914e+01,9.424898371351172477e-01
-1.352000000000013813e+01,3.039999999999082547e+00,-9.262307167431942378e-01
6.039999999999444924e+00,3.367999999999842942e+01,8.072512836033823858e-01
1.439999999999542979e+00,4.559999999999050146e+00,-7.826511174527348014e-02
9.479999999999371596e+00,7.119999999998995577e+00,7.126188781515770954e-01
-2.880000000000364935e+00,-2.296000000000036323e+01,1.560500798078679474e-01
1.039999999999551505e+00,-2.688000000000027967e+01,7.284672526089776001e-01
2.679999999999516547e+00,1.735999999999877730e+01,-2.864534696597936247e-01
3.399999999999501199e+00,-2.952000000000022339e+01,9.685774165842008232e-01
1.427999999999926928e+01,1.855999999999875172e+01,4.926429206228895019e-01
-1.632000000000007844e+01,-3.936000000000001364e+01,-9.343684525630834292e-01
1.747999999999920107e+01,-3.592000000000008697e+01,9.832220250829037944e-01
-1.204000000000016968e+01,9.519999999998944418e+00,9.761757898261493871e-01
4.759999999999472209e+00,2.751999999999856072e+01,-9.387227122847946470e-01
-6.720000000000283080e+00,3.287999999999844647e+01,6.300258195657421068e-01
1.151999999999932811e+01,3.119999999999080842e+00,5.865251773503087351e-01
1.679999999999537863e+00,2.383999999999863917e+01,-5.769597871472686990e-01
-1.900000000000002132e+01,-3.064000000000019952e+01,-9.972786978225560706e-01
-1.568000000000009209e+01,1.839999999999875513e+01,-4.829554019780510354e-01
1.459999999999926246e+01,-5.600000000000733280e+00,9.427111737328628394e-01
-1.396000000000012875e+01,-5.600000000008407142e-01,-1.990785598641857668e-01
1.771999999999919595e+01,6.399999999999010925e+00,9.382649621996492773e-01
1.231999999999931106e+01,1.119999999999890861e+01,6.638659609157142594e-01
1.067999999999934602e+01,1.151999999999890179e+01,-9.494675928634144224e-01
1.763999999999919766e+01,3.951999999999830493e+01,9.848428049913028337e-01
1.923999999999916355e+01,8.639999999998963176e+00,-8.193918277368785752e-01
1.419999999999927098e+01,-4.880000000000748628e+00,3.299388004973721200e-01
-1.580000000000008953e+01,-3.808000000000004093e+01,-6.978238824482069225e-01
-1.064000000000019952e+01,3.551999999999839019e+01,-9.737077845262676057e-01
-5.040000000000318892e+00,-2.648000000000028820e+01,-9.626398745425801540e-01
-8.560000000000243858e+00,2.103999999999869885e+01,2.870884682623047190e-01
-1.868000000000002814e+01,8.399999999998968292e+00,-8.010488373335600265e-01
-3.000000000000362377e+00,-5.360000000000738396e+00,4.123377500603800927e-01
1.291999999999929827e+01,9.759999999998939302e+00,-5.775010485577455333e-01
1.615999999999922920e+01,-2.280000000000036664e+01,-9.999785946511308143e-01
8.799999999999386091e+00,-1.952000000000043656e+01,7.364734618113315534e-01
1.435999999999926757e+01,2.127999999999869374e+01,6.396244613351959041e-01
-2.240000000000378577e+00,1.039999999999125180e+00,-9.563932082815690405e-01
-1.520000000000393925e+00,-3.312000000000014666e+01,-2.544033188938224499e-01
1.011999999999935795e+01,1.471999999999883357e+01,-5.954770738596636415e-01
1.559999999999540421e+00,-3.584000000000008868e+01,-3.397709904806297532e-01
1.127999999999933323e+01,9.199999999998951239e+00,8.998367895558401219e-02
1.927999999999916270e+01,1.919999999999873808e+01,-7.649131865523253193e-01
1.883999999999917208e+01,-2.136000000000039734e+01,-9.599478983062634807e-01
1.611999999999923006e+01,-3.160000000000017906e+01,-9.965657857359144778e-01
-9.480000000000224247e+00,-3.864000000000002899e+01,7.126188781502411640e-01
-1.020000000000020890e+01,1.303999999999886938e+01,-7.289211902783396813e-01
-4.320000000000334239e+00,2.887999999999853173e+01,-2.328777061006497562e-01
-1.144000000000018247e+01,-2.096000000000040586e+01,4.330523958433109000e-01
1.447999999999926501e+01,3.047999999999849763e+01,8.205300911314133971e-01
9.799999999999364775e+00,-2.928000000000022851e+01,7.760428942636705962e-02
-1.276000000000015433e+01,-5.840000000000728164e+00,-2.550442927710668273e-01
1.655999999999922068e+01,-2.536000000000031207e+01,-6.208496990326247689e-01
9.199999999995540634e-01,3.935999999999830834e+01,8.840278354692401308e-01
-5.160000000000316334e+00,2.695999999999857266e+01,-8.564018298622823044e-01
-1.288000000000015177e+01,2.551999999999860336e+01,-5.022697688610774369e-01
4.839999999999470504e+00,1.023999999999892907e+01,-9.850718771996743728e-01
6.559999999999433840e+00,1.999999999999104716e+00,8.620787194093020300e-01
-8.360000000000248122e+00,-1.440000000000054570e+01,-1.553953275316573568e-01
5.599999999995617372e-01,-1.408000000000055252e+01,9.496754260935847958e-01
2.239999999999525926e+00,-3.232000000000016371e+01,-9.563932082821259284e-01
7.919999999999404849e+00,6.079999999999017746e+00,-9.085907045057756148e-01
1.211999999999931532e+01,2.791999999999855220e+01,9.219904927458082433e-01
-1.336000000000014154e+01,1.519999999999882334e+01,-9.995870929501782243e-01
7.999999999957196906e-02,-3.352000000000013813e+01,1.779329078551915300e-01
-1.732000000000005713e+01,-1.840000000000046043e+01,8.570855371596066696e-01
1.599999999999539568e+00,2.519999999999861018e+01,-4.224223057742246823e-01
-1.124000000000018673e+01,2.407999999999863405e+01,6.628383311728660524e-04
2.119999999999528484e+00,2.655999999999858119e+01,-9.996059193699886603e-01
-7.600000000004101253e-01,6.159999999999016040e+00,9.917404428164300345e-01
1.579999999999923688e+01,-6.400000000008390089e-01,-6.978238824468429025e-01
-6.360000000000290754e+00,3.535999999999839360e+01,9.964551376792900594e-01
6.839999999999427871e+00,-2.224000000000037858e+01,4.015954632498782151e-01
-1.388000000000013046e+01,-3.344000000000013983e+01,-3.702731077338354826e-01
1.539999999999924540e+01,3.759999999999834586e+01,1.217693818296603503e-01
-1.060000000000020037e+01,1.503999999999882675e+01,-9.901635056370634569e-01
-1.200000000004237677e-01,-1.680000000000049454e+01,2.651197913379260696e-01
1.059999999999934772e+01,-6.160000000000721343e+00,-9.901635056373303545e-01
-1.452000000000011681e+01,-3.360000000000781029e+00,8.683077741430460517e-01
-1.448000000000011767e+01,2.807999999999854879e+01,8.205300911325059676e-01
8.759999999999386944e+00,2.559999999999092779e+00,6.731051749537724227e-01
-1.548000000000009635e+01,3.615999999999837655e+01,-5.678254426231197499e-02
7.479999999999414229e+00,-1.632000000000050477e+01,-8.509677934141129940e-01
-8.440000000000246416e+00,-1.544000000000052353e+01,2.285581815628631719e-02
-1.092000000000019355e+01,-3.176000000000017565e+01,-6.555259809882163502e-01
-5.560000000000307807e+00,-1.576000000000051671e+01,-1.334335002726400599e-01
-1.476000000000011170e+01,1.551999999999881652e+01,9.998444106757184979e-01
-3.200000000000358114e+00,3.335999999999843624e+01,7.657664268224552151e-01
1.547999999999924370e+01,-1.280000000000825366e+00,-5.678254426041078745e-02
1.279999999999930083e+01,-1.184000000000060027e+01,-3.403943207253981029e-01
-1.232000000000016371e+01,3.711999999999835609e+01,6.638659609142875118e-01
-1.864000000000002899e+01,-3.464000000000011426e+01,-7.443778140748275041e-01
-1.376000000000013301e+01,-3.280000000000782734e+00,-6.032989187695027011e-01
-1.400000000000012790e+01,-1.272000000000058151e+01,-1.107472075179062043e-01
1.679999999999921556e+01,-1.248000000000058662e+01,-1.327765598856208984e-01
-1.656000000000007333e+01,-2.320000000000803198e+00,-6.208496990311319630e-01
1.819999999999918572e+01,8.799999999991285904e-01,1.437673861216704208e-01
6.159999999999442366e+00,2.191999999999868010e+01,9.348399810000762589e-01
8.159999999999399733e+00,-1.992000000000042803e+01,-5.673146013220594641e-01
-1.644000000000007589e+01,-3.200000000000784439e+00,-8.064681495983290205e-01
1.007999999999935881e+01,-1.976000000000043144e+01,-5.213367194228119006e-01
-5.360000000000312070e+00,-3.400000000000012790e+01,-5.488987898811836796e-01
-1.996000000000000085e+01,-2.704000000000027626e+01,6.048835958935993018e-01
-2.640000000000370051e+00,-3.184000000000017394e+01,-3.708887521226824635e-01
1.031999999999935369e+01,3.495999999999840213e+01,-8.843374746109167184e-01
1.711999999999920874e+01,-1.168000000000060368e+01,5.500064256139344243e-01
1.091999999999934090e+01,-3.928000000000001535e+01,-6.555259809896570866e-01
1.607999999999923091e+01,2.111999999999869715e+01,-9.851857641351990935e-01
-4.360000000000333387e+00,3.695999999999835950e+01,-3.188144678516973141e-01
-4.880000000000322302e+00,-4.720000000000752038e+00,-9.965106806185870525e-01
-2.560000000000371756e+00,3.071999999999849251e+01,-5.302125928306358205e-01
3.639999999999496083e+00,7.999999999998976818e+00,9.595756286788101885e-01
-8.160000000000252385e+00,3.303999999999844306e+01,-5.673146013204913851e-01
-4.120000000000338503e+00,-2.936000000000022681e+01,2.105894509189722152e-01
1.439999999999926672e+01,-2.328000000000035641e+01,7.057295385709023705e-01
-8.520000000000244711e+00,-7.440000000000694058e+00,2.003775259471756998e-01
-3.040000000000361524e+00,3.279999999999844817e+01,4.920659895737355405e-01
1.123999999999933408e+01,3.319999999999843965e+01,6.628383292650592406e-04
-1.392000000000012960e+01,1.239999999999888303e+01,-2.858183452007777015e-01
1.871999999999917463e+01,-1.360000000000823661e+00,-8.513157410139886583e-01
-1.640000000000007674e+01,-2.368000000000034788e+01,-8.560594117427202665e-01
-1.080000000000403304e+00,-1.896000000000044849e+01,6.643615197706130848e-01
-1.040000000000020464e+01,3.015999999999850445e+01,-9.532934222125696300e-01
1.739999999999920277e+01,-4.000000000008441248e-01,9.350751291808103716e-01
1.735999999999920362e+01,2.199999999999867839e+01,8.996766412366314913e-01
-1.256000000000015859e+01,-2.816000000000025238e+01,1.881911718771898667e-01
-1.956000000000000938e+01,-2.832000000000024897e+01,-2.423695789128248734e-01
-1.612000000000008271e+01,3.583999999999838337e+01,-9.965657857360726846e-01
-1.172000000000017650e+01,-2.976000000000021828e+01,8.791022857742234464e-01
-6.640000000000284786e+00,2.647999999999858289e+01,7.581503620150557010e-01
1.671999999999921727e+01,-3.424000000000012278e+01,-3.070152831778476532e-01
2.079999999999529336e+00,1.615999999999880288e+01,-9.981176004894233289e-01
1.395999999999927610e+01,-1.200000000000827072e+00,-1.990785598660553823e-01
1.643999999999922323e+01,-2.592000000000030013e+01,-8.064681495994550087e-01
-8.480000000000245564e+00,2.183999999999868180e+01,1.120646318196704960e-01
1.299999999999929656e+01,1.991999999999872273e+01,-7.135482820476175547e-01
-8.960000000000235332e+00,-1.960000000000043485e+01,9.267296259832860095e-01
-1.420000000000012363e+01,-2.424000000000033594e+01,3.299388004991730683e-01
-1.880000000000386251e+00,-3.640000000000007674e+01,-8.734362633086358851e-01
-1.872000000000002728e+01,1.431999999999884210e+01,-8.513157410149877480e-01
3.359999999999502052e+00,-1.856000000000045702e+01,9.424898371344802017e-01
-8.200000000000251532e+00,-2.664000000000028479e+01,-4.914888423297591458e-01
-1.588000000000008782e+01,-3.056000000000020123e+01,-8.141363365405951402e-01
-3.520000000000351292e+00,6.319999999999012630e+00,9.998558832158741527e-01
-1.116000000000018844e+01,-3.336000000000014154e+01,-1.772806075994739494e-01
1.651999999999922153e+01,-1.640000000000050306e+01,-6.883913006357059716e-01
-5.640000000000306102e+00,3.607999999999837826e+01,4.503753928584872807e-02
-8.800000000000238742e+00,8.879999999998958060e+00,7.364734618126221877e-01
1.647999999999922238e+01,-2.024000000000042121e+01,-7.504294422750659166e-01
-1.260000000000015774e+01,-1.392000000000055593e+01,9.971139436700833525e-02
-2.760000000000367493e+00,1.599999999999113243e+00,-1.114059441412030560e-01
1.223999999999931276e+01,5.279999999999034799e+00,7.863398065941492598e-01
-1.348000000000013898e+01,1.255999999999887962e+01,-9.561993948836734480e-01
-1.304000000000014836e+01,3.175999999999847034e+01,-7.732765833642464282e-01
-2.000000000000383693e+00,-3.144000000000018247e+01,-9.712777989608574192e-01
-2.800000000000366640e+00,1.399999999999884892e+01,-2.219314795540667032e-02
-1.132000000000018503e+01,3.575999999999838508e+01,1.785851299371243595e-01
-1.024000000000020805e+01,1.407999999999884722e+01,-7.871581108395866444e-01
1.391999999999927695e+01,4.639999999999048441e+00,-2.858183452026059612e-01
-1.208000000000016882e+01,-3.192000000000017224e+01,9.528921695957225380e-01
1.887999999999917122e+01,-8.240000000000677005e+00,-9.811371993756483612e-01
2.439999999999521663e+00,-2.552000000000030866e+01,-7.360249121427008268e-01
-1.380000000000013216e+01,-1.376000000000055934e+01,-5.296504791107004007e-01
-7.440000000000267733e+00,-1.152000000000060709e+01,-8.006518870010830291e-01
-1.576000000000009038e+01,-8.526512829121202230e-13,-6.310547520052675052e-01
-9.680000000000219984e+00,-3.088000000000019440e+01,3.391475109558796941e-01
-5.240000000000314628e+00,-3.456000000000011596e+01,-7.508673807917145560e-01
-1.944000000000001194e+01,-3.840000000000770797e+00,-4.909114791495021168e-01
-4.840000000000323155e+00,-3.832000000000003581e+01,-9.850718772000027768e-01
-1.816000000000003922e+01,1.215999999999888814e+01,2.315882732070871641e-01
-1.812000000000004007e+01,3.199999999999079137e+00,3.175576889168728600e-01
-6.800000000004118306e-01,-1.440000000000821956e+00,9.987367244848651682e-01
1.323999999999929145e+01,2.055999999999870909e+01,-9.714353069074896929e-01
4.959999999999467946e+00,-1.616000000000050818e+01,-9.954602133031320577e-01
4.199999999999484146e+00,1.847999999999875342e+01,3.328630545493505705e-02
2.159999999999527631e+00,-8.800000000000665068e+00,-9.931027207057057105e-01
1.239999999999930935e+01,-1.016000000000063608e+01,5.202049939912706256e-01
2.759999999999514841e+00,-2.240000000000804903e+00,-1.114059441430980957e-01
5.319999999999460272e+00,3.887999999999831857e+01,-6.213691812472248444e-01
-6.080000000000296723e+00,-2.960000000000789555e+00,8.567438717186599551e-01
1.463999999999926160e+01,-2.000000000000042633e+01,9.687420598285479967e-01
1.343999999999928718e+01,4.719999999999046736e+00,-9.785235762358500677e-01
-7.800000000000260059e+00,-2.208000000000038199e+01,-9.868144738392971016e-01
1.839999999999918145e+01,9.919999999998935891e+00,-2.983336176422186625e-01
-1.760000000000005116e+01,7.359999999998990461e+00,9.963991569429032635e-01
-1.088000000000019440e+01,1.047999999999892395e+01,-7.203602937502431303e-01
3.879999999999490967e+00,-3.136000000000018417e+01,6.807853000412976696e-01
1.399999999999927525e+01,-6.640000000000711111e+00,-1.107472075197987460e-01
1.267999999999930338e+01,1.799999999999876366e+01,-7.892589967993723921e-02
5.079999999999465388e+00,2.039999999999871250e+01,-9.346044220936809976e-01
-4.080000000000339355e+00,9.039999999998954650e+00,2.970680482311421899e-01
-1.440000000000395630e+00,1.095999999999891372e+01,-7.826511174717409869e-02
-4.920000000000321450e+00,-8.160000000000678710e+00,-9.999827118987960617e-01
4.319999999999481588e+00,1.631999999999879947e+01,-2.328777060987978764e-01
1.815999999999918657e+01,-3.736000000000005627e+01,2.315882732089465657e-01
-5.760000000000303544e+00,1.447999999999883869e+01,3.082766656786204429e-01
1.383999999999927866e+01,3.159999999999847375e+01,-4.517676596700939129e-01
-1.988000000000000256e+01,-3.608000000000008356e+01,4.535407905162595621e-01
2.799999999999513989e+00,-2.784000000000025921e+01,-2.219314795731312101e-02
4.039999999999487557e+00,3.735999999999835097e+01,3.811716850997111106e-01
-5.920000000000300133e+00,5.599999999991354116e-01,6.218883904603546009e-01
1.319999999999929230e+01,2.959999999999851639e+01,-9.463552811104811724e-01
8.439999999999393765e+00,-7.200000000000699174e+00,2.285581815437900607e-02
7.359999999999416787e+00,1.071999999999891884e+01,-6.812706683089778670e-01
7.399999999999415934e+00,-4.000000000000000000e+01,-7.439350344946247251e-01
-9.360000000000226805e+00,1.655999999999879435e+01,8.731133099373025175e-01
-2.600000000000370903e+00,3.471999999999840725e+01,-4.523589021163498813e-01
1.667999999999921812e+01,2.911999999999852662e+01,-3.907976343354102600e-01
5.759999999999450893e+00,-1.680000000000816840e+00,3.082766656768072822e-01
-1.852000000000003155e+01,7.279999999998992166e+00,-5.407045680641888730e-01
1.167999999999932470e+01,-1.600000000000051159e+01,8.330136733415802741e-01
-1.264000000000015689e+01,-2.800000000000792966e+00,1.043445735419903410e-02
-2.120000000000381135e+00,-2.712000000000027455e+01,-9.996059193699350365e-01
1.191999999999931958e+01,1.543999999999881823e+01,9.987698120031029969e-01
-9.600000000004058620e-01,1.199999999999889155e+01,8.387412123098615391e-01
-1.960000000000384546e+00,3.999999999999062084e+00,-9.461408916173570383e-01
8.079999999999401439e+00,2.239999999999866986e+01,-7.047897014620163603e-01
-5.800000000000302691e+00,3.031999999999850104e+01,3.920175450421861107e-01
1.227999999999931191e+01,-2.904000000000023363e+01,7.280129948841046472e-01
1.095999999999934005e+01,-2.992000000000021487e+01,-5.854509555862281722e-01
-1.212000000000016797e+01,2.767999999999855731e+01,9.219904927450695009e-01
1.331999999999928974e+01,2.743999999999856243e+01,-9.981580324880867661e-01
1.155999999999932726e+01,-1.472000000000053888e+01,6.565265194704278384e-01
-5.680000000000305249e+00,-1.936000000000043997e+01,1.340903820388016643e-01
9.599999999995532107e-01,-1.080000000000062244e+01,8.387412123108997086e-01
2.279999999999525073e+00,5.679999999999026272e+00,-9.264803748903533975e-01
1.939999999999916014e+01,2.023999999999871591e+01,-5.667686285690682890e-01
-1.896000000000002217e+01,3.463999999999840895e+01,-9.998775104172222816e-01
3.279999999999503757e+00,5.359999999999033093e+00,8.679787984714431026e-01
4.279999999999482441e+00,2.863999999999853685e+01,-1.450791643821872368e-01
-1.776000000000004775e+01,-2.840000000000024727e+01,9.036158457523468801e-01
1.467999999999926075e+01,-1.768000000000047578e+01,9.870281746923541544e-01
1.619999999999922835e+01,2.415999999999863235e+01,-9.953969066063208526e-01
-3.680000000000347882e+00,3.503999999999840043e+01,9.305997015226229463e-01
-3.840000000000344471e+00,-1.648000000000050136e+01,7.434919280643419448e-01
2.719999999999515694e+00,-3.744000000000005457e+01,-1.997280867823532646e-01
-8.400000000004084200e-01,-2.080000000000040927e+01,9.530930052768032956e-01
-1.524000000000010147e+01,-3.104000000000019099e+01,4.616401000528415066e-01
7.119999999999421902e+00,-2.672000000000028308e+01,-2.112373785675442650e-01
-1.052000000000020208e+01,-3.568000000000009209e+01,-9.992585901080073274e-01
1.631999999999922579e+01,-2.600000000000029843e+01,-9.343684525637644400e-01
-1.068000000000019867e+01,-1.320000000000057128e+01,-9.494675928628156791e-01
-7.640000000000263469e+00,3.671999999999836461e+01,-9.810088487819431657e-01
-1.196000000000017138e+01,-1.704000000000048942e+01,9.992066731639243082e-01
1.983999999999915076e+01,-2.632000000000029161e+01,3.721195517748154269e-01
4.679999999999473914e+00,4.799999999991371169e-01,-8.624144395190986856e-01
9.719999999999366480e+00,-1.096000000000061902e+01,2.537622332432850070e-01
7.559999999999412523e+00,-1.560000000000052012e+01,-9.308421214499863483e-01
-8.320000000000248974e+00,3.799999999999833733e+01,-2.430126008100137458e-01
3.799999999999492672e+00,3.447999999999841236e+01,8.002545848984340404e-01
1.379999999999927951e+01,-1.568000000000051841e+01,-5.296504791123186617e-01
-7.320000000000270290e+00,-9.840000000000642899e+00,-6.131597692531535193e-01
-1.008000000000021146e+01,-3.904000000000002046e+01,-5.213367194244368230e-01
8.559999999999391207e+00,2.223999999999867327e+01,2.870884682604772364e-01
4.119999999999485851e+00,1.199999999999121769e+00,2.105894509208355025e-01
1.743999999999920192e+01,3.775999999999834245e+01,9.629980018292038091e-01
1.779999999999919424e+01,-5.280000000000740101e+00,8.617426205402057837e-01
1.975999999999915246e+01,2.375999999999864087e+01,2.010268770733292520e-01
-7.280000000000271143e+00,-6.080000000000723048e+00,-5.401468613554187836e-01
-1.768000000000004945e+01,-3.032000000000020634e+01,9.654129616936081293e-01
1.799999999999535305e+00,-1.128000000000061220e+01,-7.728561283439353558e-01
-1.424000000000012278e+01,2.047999999999871079e+01,4.129415257811877571e-01
3.159999999999506315e+00,3.103999999999848569e+01,7.052597749453818343e-01
-1.428000000000012193e+01,-8.480000000000671889e+00,4.926429206245466208e-01
1.639999999999922409e+01,3.911999999999831346e+01,-8.560594117437044792e-01
-2.840000000000365787e+00,-2.288000000000036493e+01,6.719707508213715319e-02
-1.928000000000001535e+01,-1.352000000000056446e+01,-7.649131865510941930e-01
-1.680000000000006821e+01,-1.728000000000048431e+01,-1.327765598837335193e-01
-3.320000000000355556e+00,-3.224000000000016541e+01,9.088673642607051351e-01
-1.188000000000017309e+01,1.207999999999888985e+01,9.903481176985065026e-01
6.679999999999431282e+00,-3.888000000000002387e+01,6.968737278687776593e-01
-7.960000000000256648e+00,1.175999999999889667e+01,-8.676494414502216035e-01
7.879999999999405702e+00,-8.000000000000682121e+00,-9.422680864493939712e-01
-5.400000000000311218e+00,1.127999999999890690e+01,-4.720401348772561567e-01
1.987999999999914991e+01,3.999999999991388222e-01,4.535407905145560914e-01
-1.112000000000018929e+01,-2.728000000000027114e+01,-2.644806141150371492e-01
1.807999999999918828e+01,3.119999999999848228e+01,4.009883363065024353e-01
-3.200000000004195044e-01,1.455999999999883698e+01,6.560263943449007318e-01
-3.080000000000360671e+00,2.783999999999855390e+01,5.678603248227191980e-01
-1.180000000000017479e+01,2.991999999999850957e+01,9.498828420805870421e-01
-6.240000000000293312e+00,-9.200000000000656541e+00,9.831008988599295728e-01
1.979999999999915161e+01,-2.360000000000034959e+01,2.877233407293182665e-01
-1.128000000000018588e+01,2.015999999999871761e+01,8.998367895748055068e-02
9.639999999999368185e+00,3.423999999999841748e+01,4.218214168888501092e-01
1.455999999999926331e+01,2.463999999999862212e+01,9.091436246996910109e-01
5.199999999995625899e-01,-4.640000000000753744e+00,9.178999467157024084e-01
-1.964000000000000767e+01,-1.808000000000046725e+01,-6.587433606129303176e-02
1.487999999999925649e+01,6.239999999999014335e+00,9.593888614327856779e-01
-5.600000000000306954e+00,-3.912000000000001876e+01,-4.437536364522569332e-02
-7.600000000000264322e+00,9.599999999998942712e+00,-9.597619743307708173e-01
1.519999999999924967e+01,-2.384000000000034447e+01,5.390307362348236708e-01
-1.284000000000015262e+01,-3.000000000000021316e+01,-4.230230090698298140e-01
-1.648000000000007503e+01,-3.816000000000003922e+01,-7.504294422738027048e-01
1.119999999999933493e+01,2.319999999999865281e+01,-8.866330146949283342e-02
-9.200000000004067147e-01,-1.040000000000830482e+00,8.840278354683489548e-01
5.399999999999458566e+00,-3.120000000000018758e+01,-4.720401348789364793e-01
-1.712000000000006139e+01,-1.696000000000049113e+01,5.500064256155307030e-01
4.559999999999476472e+00,1.711999999999878241e+01,-6.973489583488974297e-01
-7.000000000000277112e+00,2.399999999999863576e+01,5.545895688219312086e-02
1.583999999999923602e+01,-3.520000000000010232e+01,-7.590141425653804674e-01
-9.640000000000220837e+00,-7.280000000000697469e+00,4.218214168871203817e-01
1.715999999999920789e+01,3.223999999999846011e+01,6.224073264424051510e-01
-6.760000000000282228e+00,3.767999999999834415e+01,5.581410639493405990e-01
1.555999999999924199e+01,-2.864000000000024215e+01,-2.335222692123977428e-01
-1.932000000000001450e+01,-4.800000000008424195e-01,-7.043193183232754340e-01
-1.880000000000002558e+01,-2.880000000000791260e+00,-9.310841324081857717e-01
-9.960000000000214015e+00,-1.176000000000060197e+01,-2.764406824072602742e-01
1.287999999999929912e+01,-6.880000000000705995e+00,-5.022697688594308651e-01
1.707999999999920959e+01,-3.760000000000772502e+00,4.732084059660356945e-01
1.147999999999932896e+01,2.079999999999103011e+00,5.118347611116194074e-01
-1.000000000000021316e+01,-1.280000000000057980e+01,-3.611783170632273943e-01
-1.764000000000005031e+01,-8.560000000000670184e+00,9.848428049909725424e-01
6.959999999999425313e+00,-2.984000000000021657e+01,1.444233069794002566e-01
-1.836000000000003496e+01,-3.416000000000012449e+01,-2.118852134098439532e-01
1.823999999999918487e+01,-1.752000000000047919e+01,5.479712650037359828e-02
1.215999999999931447e+01,8.799999999998959765e+00,8.837178079248901863e-01
3.759999999999493525e+00,3.375999999999842771e+01,8.506194719385397063e-01
7.999999999999403144e+00,-3.408000000000012619e+01,-8.197716090948293788e-01
-5.280000000000313776e+00,2.615999999999858971e+01,-6.888719322456814398e-01
-7.120000000000274554e+00,9.359999999998947828e+00,-2.112373785694073025e-01
2.839999999999513136e+00,-3.384000000000013131e+01,6.719707508023366194e-02
-8.000000000004092726e-01,-2.512000000000031719e+01,9.763193988176626092e-01
-5.480000000000309512e+00,1.135999999999890520e+01,-3.076460420092869130e-01
-1.968000000000000682e+01,1.159999999999890008e+01,2.351847831344304821e-02
-1.616000000000008185e+01,7.039999999998997282e+00,-9.999785946511182688e-01
-2.440000000000374314e+00,1.951999999999873125e+01,-7.360249121414098594e-01
1.595999999999923347e+01,-3.504000000000010573e+01,-9.044658267680854014e-01
1.055999999999934857e+01,-3.664000000000007162e+01,-9.987031981668583747e-01
-4.600000000000328271e+00,1.575999999999881140e+01,-7.585824189348344682e-01
-1.148000000000018161e+01,-3.440000000000011937e+01,5.118347611132584296e-01
